title,genre,premiere,runtime,imdb_score,language,year
Enter the Anime,Documentary,2019-08-05,58.0,2.5,English/Japanese,2019
Dark Forces,Thriller,2020-08-21,81.0,2.6,Spanish,2020
The App,Science fiction/Drama,2019-12-26,79.0,2.6,Italian,2019
The Open House,Horror thriller,2018-01-19,94.0,3.2,English,2018
Kaali Khuhi,Mystery,2020-10-30,90.0,3.4,Hindi,2020
Drive,Action,2019-11-01,147.0,3.5,Hindi,2019
Leyla Everlasting,Comedy,2020-12-04,112.0,3.7,Turkish,2020
The Last Days of American Crime,Heist film/Thriller,2020-06-05,149.0,3.7,English,2020
Paradox,Musical/Western/Fantasy,2018-03-23,73.0,3.9,English,2018
Sardar Ka Grandson,Comedy,2021-05-18,139.0,4.1,Hindi,2021
Searching for Sheela,Documentary,2021-04-22,58.0,4.1,English,2021
The Call,Drama,2020-11-27,112.0,4.1,Korean,2020
Whipped,Romantic comedy,2020-09-18,97.0,4.1,Indonesian,2020
All Because of You,Action comedy,2020-10-01,101.0,4.2,Malay,2020
Mercy,Thriller,2016-11-22,90.0,4.2,English,2016
After the Raid,Documentary,2019-12-19,25.0,4.3,Spanish,2019
The Last Thing He Wanted,Political thriller,2020-02-21,115.0,4.3,English,2020
What Happened to Mr. Cha?,Comedy,2021-01-01,102.0,4.3,Korean,2021
Death Note,Horror thriller,2017-08-25,100.0,4.4,English,2017
"Hello Privilege. It's Me, Chelsea",Documentary,2019-09-13,64.0,4.4,English,2019
Secret Obsession,Thriller,2019-07-18,97.0,4.4,English,2019
Sextuplets,Comedy,2019-08-16,99.0,4.4,English,2019
The Girl on the Train,Thriller,2021-02-26,120.0,4.4,Hindi,2021
Thunder Force,Superhero-Comedy,2021-04-09,105.0,4.4,English,2021
Fatal Affair,Thriller,2020-07-16,89.0,4.5,English,2020
Just Say Yes,Romantic comedy,2021-04-02,97.0,4.5,Dutch,2021
Seriously Single,Comedy,2020-07-31,107.0,4.5,English,2020
The Misadventures of Hedi and Cokeman,Comedy,2021-02-10,99.0,4.5,French,2021
5 Star Christmas,Comedy,2018-12-07,95.0,4.6,Italian,2018
After Maria,Documentary,2019-05-24,37.0,4.6,English/Spanish,2019
I Am the Pretty Thing That Lives in the House,Horror,2016-10-28,89.0,4.6,English,2016
Paris Is Us,Romance drama,2019-02-22,83.0,4.6,French,2019
Porta dos Fundos: The First Temptation of Christ,Comedy,2019-12-03,46.0,4.6,Portuguese,2019
Rattlesnake,Horror,2019-10-25,85.0,4.6,English,2019
The Players,Comedy,2020-07-15,88.0,4.6,Italian,2020
We Are One,Documentary,2020-07-14,86.0,4.6,French,2020
Finding Agnes,Drama,2020-11-30,105.0,4.7,Filipino,2020
IO,Science fiction/Drama,2019-01-18,95.0,4.7,English,2019
Sentinelle,Action,2021-03-05,80.0,4.7,French,2021
Sol Levante,Anime / Short,2020-04-02,4.0,4.7,English,2020
The Binding,Drama,2020-10-02,93.0,4.7,Italian,2020
We Can Be Heroes,Superhero,2020-12-25,100.0,4.7,English,2020
Christmas Crossfire,Thriller,2020-12-04,106.0,4.8,German,2020
Coin Heist,Heist,2017-01-06,97.0,4.8,English,2017
Mrs. Serial Killer,Thriller,2020-05-01,106.0,4.8,Hindi,2020
Nobody Sleeps in the Woods Tonight,Horror,2020-10-28,103.0,4.8,Polish,2020
Take the 10,Comedy,2017-01-20,80.0,4.8,English,2017
The Main Event,Comedy,2020-04-10,101.0,4.8,English,2020
The Ridiculous 6,Western,2015-12-11,119.0,4.8,English,2015
Earth and Blood,Action,2020-04-17,80.0,4.9,French,2020
Fearless,Animation/Superhero,2020-08-14,89.0,4.9,English,2020
Holiday Rush,Family film,2019-11-28,94.0,4.9,English,2019
The Day of the Lord,Drama,2020-10-30,93.0,4.9,Spanish,2020
Airplane Mode,Comedy,2020-01-23,96.0,5.0,Portuguese,2020
How It Ends,Action-thriller,2018-07-13,113.0,5.0,English,2018
Love Like the Falling Rain,Drama,2020-10-15,86.0,5.0,Indonesian,2020
Rebirth,Thriller,2016-07-15,100.0,5.0,English,2016
Squared Love,Romantic comedy,2021-02-11,102.0,5.0,Polish,2021
Cadaver,Horror,2020-10-22,86.0,5.1,Norwegian,2020
Clinical,Thriller,2017-01-13,104.0,5.1,English,2017
Coffee & Kareem,Action comedy,2020-04-03,88.0,5.1,English,2020
Dude,Teen comedy-drama,2018-04-20,97.0,5.1,English,2018
Geez & Ann,Romantic drama,2021-02-25,105.0,5.1,Indonesian,2021
The Larva Island Movie,Animation,2020-07-23,90.0,5.1,English,2020
#REALITYHIGH,Comedy,2017-09-08,99.0,5.2,English,2017
American Factory: A Conversation with the Obamas ,Aftershow / Interview,2019-08-21,10.0,5.2,English,2019
Desperados,Romantic comedy,2020-07-03,106.0,5.2,English,2020
Dolly Parton's Christmas on the Square,Christmas musical,2020-11-22,98.0,5.2,English,2020
Father of the Year,Comedy,2018-07-20,94.0,5.2,English,2018
Firebrand,Drama,2019-02-22,112.0,5.2,Marathi,2019
Ghost Lab,Horror,2021-05-26,117.0,5.2,Thai,2021
Girlfriend's Day,Comedy,2017-02-14,70.0,5.2,English,2017
Handsome: A Netflix Mystery Movie,Comedy,2017-05-05,81.0,5.2,English,2017
Hubie Halloween,Comedy,2020-10-07,103.0,5.2,English,2020
Ibiza,Comedy,2018-05-25,94.0,5.2,English,2018
Rim of the World,Science fiction adventure,2019-05-24,98.0,5.2,English,2019
Sandy Wexler,Comedy,2017-04-14,131.0,5.2,English,2017
See You Yesterday,Science fiction,2019-05-17,87.0,5.2,English,2019
Still Laugh-In: The Stars Celebrate,Variety show,2019-05-14,60.0,5.2,English,2019
"Strip Down, Rise Up",Documentary,2021-02-05,112.0,5.2,English,2021
Tall Girl,Comedy-drama,2019-09-13,102.0,5.2,English,2019
The Beast,Drama,2020-11-27,99.0,5.2,Italian,2020
The Week Of,Comedy,2018-04-27,116.0,5.2,English,2018
A Christmas Prince: The Royal Wedding,Romantic comedy,2018-11-30,92.0,5.3,English,2018
Back to School,Comedy,2019-08-30,83.0,5.3,French,2019
Dangerous Lies,Thriller,2020-04-30,97.0,5.3,English,2020
Gunjan Saxena: The Kargil Girl,Drama,2020-08-12,112.0,5.3,Hindi,2020
Intuition,Thriller,2020-05-28,116.0,5.3,Spanish,2020
The Most Assassinated Woman in the World,Thriller,2018-09-07,102.0,5.3,French,2018
Things Heard & Seen,Horror,2021-04-29,121.0,5.3,English,2021
"To Each, Her Own",Romantic comedy,2018-06-24,95.0,5.3,French,2018
Who Would You Take to a Deserted Island?,Drama,2019-04-12,93.0,5.3,Spanish,2019
XOXO,Drama,2016-08-26,92.0,5.3,English,2016
A Babysitter's Guide to Monster Hunting,Comedy/Fantasy/Family,2020-10-15,98.0,5.4,English,2020
A Christmas Prince: The Royal Baby,Romantic comedy,2019-12-05,85.0,5.4,English,2019
Despite Everything,Comedy,2019-05-03,78.0,5.4,Spanish,2019
Dolly Kitty and Those Twinkling Stars,Drama,2020-09-18,120.0,5.4,Hindi,2020
Freaks: You're One of Us,Supernatural drama,2020-09-02,92.0,5.4,German,2020
"Game Over, Man!",Action/Comedy,2018-03-23,101.0,5.4,English,2018
Guilty,Thriller,2020-03-06,119.0,5.4,Hindi,2020
In the Tall Grass,Horror,2019-10-04,101.0,5.4,English,2019
Madame Claude,Drama,2021-04-02,112.0,5.4,French,2021
Naked,Comedy,2017-08-11,96.0,5.4,English,2017
Outside the Wire,Action/Science fiction,2021-01-15,114.0,5.4,English,2021
The Princess Switch: Switched Again,Romantic comedy,2020-11-19,97.0,5.4,English,2020
Under the Riccione Sun,Romantic teenage drama,2020-07-01,101.0,5.4,Italian,2020
A Very Murray Christmas,Comedy / Musical,2015-12-04,56.0,5.5,English,2015
Been So Long,Musical,2018-10-26,100.0,5.5,English,2018
Dead Kids,Thriller,2019-12-01,94.0,5.5,Filipino,2019
Get the Grift,Comedy,2021-04-28,94.0,5.5,Portuguese,2021
Ghosts of Sugar Land,Documentary,2019-10-16,21.0,5.5,English,2019
House Arrest,Comedy,2019-11-15,104.0,5.5,Hindi,2019
Kevin Hart's Guide to Black History,Variety show,2019-02-08,63.0,5.5,English,2019
Love Wedding Repeat,Romantic comedy,2020-04-10,100.0,5.5,English,2020
Mute,Science fiction/Mystery,2018-02-23,126.0,5.5,English,2018
Òlòt?ré,Crime drama,2020-10-02,106.0,5.5,English,2020
Red Dot,Thriller,2021-02-11,86.0,5.5,Swedish,2021
Ride or Die,Psychological thriller drama,2021-04-15,142.0,5.5,Japanese,2021
Step Sisters,Comedy,2018-01-19,108.0,5.5,English,2018
The Cloverfield Paradox,Science fiction,2018-02-04,102.0,5.5,English,2018
The Knight Before Christmas,Romantic comedy,2019-11-21,92.0,5.5,English,2019
The Legacy of a Whitetail Deer Hunter,Adventure/Comedy,2018-07-06,83.0,5.5,English,2018
The Package,Black comedy,2018-08-10,94.0,5.5,English,2018
Unicorn Store,Comedy,2019-04-05,92.0,5.5,English,2019
Wine Country,Comedy,2019-05-10,103.0,5.5,English,2019
Bomb Scared,Black comedy,2017-10-12,89.0,5.6,Spanish/Basque,2017
Brahman Naman,Comedy,2016-07-07,95.0,5.6,English,2016
Double Dad,Comedy-drama,2021-01-15,103.0,5.6,Portuguese,2021
Falling Inn Love,Romantic comedy,2019-08-29,97.0,5.6,English,2019
Hold the Dark,Thriller,2018-09-28,125.0,5.6,English,2018
"Love, Guaranteed",Romantic comedy,2020-09-03,91.0,5.6,English,2020
One-Way to Tomorrow,Romance,2020-06-19,90.0,5.6,Turkish,2020
Sarah Cooper: Everything's Fine,Variety show,2020-10-27,49.0,5.6,English,2020
The Last Laugh,Comedy-drama,2019-01-11,98.0,5.6,English,2019
The Last Paradiso,Romantic drama,2021-02-05,107.0,5.6,Italian,2021
The Midnight Sky,Science fiction,2020-12-23,118.0,5.6,English,2020
The Paramedic,Thriller,2020-09-16,94.0,5.6,Spanish,2020
The Sleepover,Comedy,2020-08-21,103.0,5.6,English,2020
Vampires vs. the Bronx,Horror comedy,2020-10-02,86.0,5.6,English,2020
Why Did You Kill Me?,Documentary,2021-04-14,83.0,5.6,English,2021
A Week Away,Christian musical,2021-03-26,97.0,5.7,English,2021
Caught by a Wave,Romantic teen drama,2021-03-25,99.0,5.7,Italian,2021
Christmas Inheritance,Romantic drama,2017-12-15,104.0,5.7,English,2017
Dad Wanted,Family,2020-09-11,102.0,5.7,Spanish,2020
El Camino Christmas,Dark comedy,2017-12-08,89.0,5.7,English,2017
Eli,Horror,2019-10-18,98.0,5.7,English,2019
Ginny Weds Sunny,Romantic comedy,2020-10-09,125.0,5.7,Hindi,2020
Good Sam,Drama,2019-05-16,89.0,5.7,English,2019
Lionheart,Comedy,2019-01-04,94.0,5.7,English,2019
Little Evil,Comedy horror,2017-09-01,94.0,5.7,English,2017
One Take,Documentary,2020-06-18,85.0,5.7,Thai,2020
"Out of Many, One",Documentary,2018-12-12,34.0,5.7,English,2018
Point Blank,Action,2019-07-12,86.0,5.7,English,2019
Prime Time,Thriller,2021-04-14,91.0,5.7,Polish,2021
The Do-Over,Action comedy,2016-05-27,108.0,5.7,English,2016
The Holiday Calendar,Romantic comedy,2018-11-02,95.0,5.7,English,2018
The Woman in the Window,Psychological thriller,2021-05-14,100.0,5.7,English,2021
The Wrong Missy,Comedy,2020-05-13,90.0,5.7,English,2020
Velvet Buzzsaw,Thriller,2019-02-01,112.0,5.7,English,2019
Yes Day,Comedy,2021-03-12,86.0,5.7,English,2021
15-Aug,Comedy-drama,2019-03-29,124.0,5.8,Marathi,2019
A California Christmas,Romantic comedy,2020-12-14,107.0,5.8,English,2020
A Christmas Prince,Romantic comedy,2017-11-17,92.0,5.8,English,2017
All Day and a Night,Drama,2020-05-01,121.0,5.8,English,2020
American Son,Drama,2019-11-01,90.0,5.8,English,2019
Barry,Biopic,2016-12-16,104.0,5.8,English,2016
Candy Jar,Comedy,2018-04-27,92.0,5.8,English,2018
Choked: Paisa Bolta Hai,Drama,2020-06-05,114.0,5.8,Hindi,2020
Class of '83,Drama,2020-08-21,98.0,5.8,Hindi,2020
Extinction,Science fiction/Thriller,2018-07-27,95.0,5.8,English,2018
Happy Anniversary,Romantic comedy,2018-03-30,78.0,5.8,English,2018
I Am All Girls,Thriller,2021-05-14,107.0,5.8,English,2021
Let It Snow,Romantic comedy,2019-11-08,92.0,5.8,English,2019
Mascots,Mockumentary,2016-10-13,95.0,5.8,English,2016
Operation Christmas Drop,Romantic comedy,2020-11-05,96.0,5.8,English,2020
Rajma Chawal,Comedy-drama,2018-11-30,118.0,5.8,Hindi,2018
Rich in Love,Romantic comedy,2020-04-30,105.0,5.8,Portuguese,2020
Rising High,Satire,2020-04-17,94.0,5.8,German,2020
Rodney King,One-man show,2017-04-28,52.0,5.8,English,2017
Sierra Burgess Is a Loser,Romantic comedy-drama,2018-09-07,105.0,5.8,English,2018
Small Crimes,Dark comedy,2017-04-28,95.0,5.8,English,2017
Special Correspondents,Satire,2016-04-29,100.0,5.8,English,2016
TAU,Science fiction/Thriller,2018-06-29,97.0,5.8,English,2018
The After Party,Comedy,2018-08-24,89.0,5.8,English,2018
The Babysitter: Killer Queen,Comedy/Horror,2020-09-10,102.0,5.8,English,2020
The Claus Family,Fantasy,2020-12-07,96.0,5.8,Dutch,2020
The Kissing Booth 2,Romantic comedy,2020-07-24,131.0,5.8,English,2020
The Perfect Date,Romantic comedy,2019-04-12,89.0,5.8,English,2019
What We Wanted,Drama,2020-11-11,93.0,5.8,German,2020
You've Got This,Romantic comedy,2020-10-02,111.0,5.8,Spanish,2020
6 Balloons,Drama,2018-04-06,75.0,5.9,English,2018
A Fall from Grace,Thriller,2020-01-17,120.0,5.9,English,2020
Amateur,Sports-drama,2018-04-06,96.0,5.9,English,2018
Army of the Dead,Zombie/Heist,2021-05-21,148.0,5.9,English,2021
Cam,Psychological horror,2018-11-16,94.0,5.9,English,2018
Earthquake Bird,Mystery,2019-11-15,107.0,5.9,English,2019
"Frankenstein's Monster's Monster, Frankenstein",Mockumentary,2019-07-16,32.0,5.9,English,2019
Horse Girl,Drama,2020-02-07,104.0,5.9,English,2020
Notes from Dunblane: Lesson from a School Shooting,Documentary,2018-09-28,23.0,5.9,English,2018
Maska,Romantic comedy,2020-03-27,111.0,5.9,Hindi,2020
The Decline,Thriller,2020-03-27,83.0,5.9,French,2020
The Minimalists: Less Is Now,Documentary,2021-01-01,53.0,5.9,English,2021
The Polka King,Comedy-drama,2018-01-12,95.0,5.9,English,2018
The Prom,Musical,2020-12-11,132.0,5.9,English,2020
True Memoirs of an International Assassin,Action comedy,2016-11-11,98.0,5.9,English,2016
Ultras,Sports film,2020-03-20,108.0,5.9,Italian,2020
Come Sunday,Biopic,2018-04-13,106.0,6.0,English,2018
Forgive Us Our Debts,Drama,2018-05-04,104.0,6.0,Italian,2018
iBoy,Science fiction/Thriller,2017-01-27,90.0,6.0,English,2017
Lovefucked,Drama,2019-08-09,106.0,6.0,Hindi,2019
Juanita,Drama,2019-03-08,90.0,6.0,English,2019
Murder Mystery,Comedy mystery,2019-06-14,97.0,6.0,English,2019
Project Power,Superhero,2020-08-14,113.0,6.0,English,2020
Rebecca,Romantic thriller,2020-10-21,123.0,6.0,English,2020
The Christmas Chronicles: Part Two,Christmas comedy,2020-11-25,115.0,6.0,English,2020
The Kissing Booth,Romantic comedy,2018-05-11,105.0,6.0,English,2018
The Princess Switch,Romantic comedy,2018-11-16,101.0,6.0,English,2018
To All the Boys: P.S. I Still Love You,Romantic comedy,2020-02-12,102.0,6.0,English,2020
War Machine,War-Comedy,2017-05-26,122.0,6.0,English,2017
6 Underground,Action,2019-12-13,128.0,6.1,English,2019
Between Two Ferns: The Movie,Comedy,2019-09-20,82.0,6.1,English,2019
Burning Sands,Drama,2017-03-10,102.0,6.1,English,2017
Casting JonBenet,Documentary,2017-04-28,80.0,6.1,English,2017
Deidra & Laney Rob a Train,Drama,2017-03-17,94.0,6.1,English,2017
Finding 'Ohana,Family,2021-01-29,123.0,6.1,English,2021
Holidate,Romantic comedy/Holiday,2020-10-28,104.0,6.1,English,2020
Holiday in the Wild,Adventure-romance,2019-11-01,85.0,6.1,English,2019
Hot Girls Wanted,Documentary,2015-05-29,84.0,6.1,English,2015
Like Father,Comedy,2018-08-03,103.0,6.1,English,2018
Lost Girls,Crime drama,2020-03-13,95.0,6.1,English,2020
Otherhood,Comedy,2019-08-02,100.0,6.1,English,2019
Pee-wee's Big Holiday,Adventure,2016-03-18,89.0,6.1,English,2016
Rogue City,Crime drama,2020-10-30,116.0,6.1,French,2020
Sergio,Biopic,2020-04-17,118.0,6.1,English,2020
Stuck Apart,Drama,2021-01-08,96.0,6.1,Turkish,2021
Tersanjung the Movie,Drama,2021-04-01,114.0,6.1,Indonesian,2021
The Killer,Western,2017-11-10,99.0,6.1,Portuguese,2017
The Lovebirds,Romantic comedy,2020-05-22,87.0,6.1,English,2020
The Most Hated Woman in America,Biopic,2017-03-24,92.0,6.1,English,2017
The Perfection,Horror-thriller,2019-05-24,90.0,6.1,English,2019
Tribhanga ? Tedhi Medhi Crazy,Drama,2021-01-15,95.0,6.1,Hindi,2021
Unknown Origins,Thriller,2020-08-28,96.0,6.1,Spanish,2020
Work It,Dance comedy,2020-08-07,93.0,6.1,English,2020
Alien Xmas,Stop Motion,2020-11-20,42.0,6.2,English,2020
Baggio: The Divine Ponytail,Biopic,2021-05-26,92.0,6.2,Italian,2021
Below Zero,Drama,2021-01-29,106.0,6.2,Spanish,2021
Citation,Drama,2020-11-06,151.0,6.2,English,2020
Crazy Awesome Teachers,Comedy-drama,2020-08-17,101.0,6.2,Indonesian,2020
Have You Ever Seen Fireflies?,Comedy,2021-04-09,114.0,6.2,Turkish,2021
High Flying Bird,Sports-drama,2019-02-08,90.0,6.2,English,2019
In the Shadow of the Moon,Thriller,2019-09-27,115.0,6.2,English,2019
Lost Bullet,Thriller,2020-06-19,92.0,6.2,French,2020
Octonauts & the Caves of Sac Actun,Animation,2020-08-14,72.0,6.2,English,2020
Offering to the Storm,Thriller,2020-07-24,139.0,6.2,Spanish,2020
Roxanne Roxanne,Biopic,2018-03-23,98.0,6.2,English,2018
Someone Great,Romantic comedy,2019-04-19,92.0,6.2,English,2019
Spenser Confidential,Action comedy,2020-03-06,111.0,6.2,English,2020
The Land of Steady Habits,Drama,2018-09-14,98.0,6.2,English,2018
The Rachel Divide,Documentary,2018-04-27,104.0,6.2,English,2018
Voyuer ,Documentary,2017-12-01,95.0,6.2,English,2017
Win It All,Comedy,2017-04-07,88.0,6.2,English,2017
1922,Horror/Crime drama,2017-10-20,102.0,6.3,English,2017
A Tale of Two Kitchens,Documentary,2019-05-22,30.0,6.3,English/Spanish,2019
Alex Strangelove,Romantic comedy,2018-06-08,99.0,6.3,English,2018
Apostle,Horror-thriller,2018-10-12,129.0,6.3,English,2018
Benji,Family film,2018-03-16,87.0,6.3,English,2018
Bright,Urban fantasy,2017-12-22,117.0,6.3,English,2017
Cargo,Drama/Horror,2018-05-18,104.0,6.3,English,2018
Concrete Cowboy,Drama,2021-04-02,111.0,6.3,English,2021
Feel the Beat,Family/Comedy-drama,2020-06-19,107.0,6.3,English,2020
Get the Goat,Comedy,2021-03-18,97.0,6.3,Portuguese,2021
I Am Not an Easy Man,Romantic comedy,2018-04-13,98.0,6.3,French,2018
June & Kopi,Drama,2021-01-28,90.0,6.3,Indonesian,2021
Music Teacher,Drama,2019-04-19,101.0,6.3,Hindi,2019
Nail Bomber: Manhunt,Documentary,2021-05-26,72.0,6.3,English,2021
Notes for My Son,Drama,2020-11-24,83.0,6.3,Spanish,2020
Polar,Action,2019-01-25,118.0,6.3,English,2019
Porta dos Fundos: The Last Hangover,Comedy,2018-12-21,44.0,6.3,Portuguese,2018
Sand Castle,War,2017-04-21,113.0,6.3,English,2017
Shimmer Lake,Crime thriller,2017-06-09,86.0,6.3,English,2017
Spectral,Science fiction/Action,2016-12-09,108.0,6.3,English,2016
The Babysitter,Teen comedy horror,2017-10-13,85.0,6.3,English,2017
The Discovery,Science fiction/Drama,2017-03-31,102.0,6.3,English,2017
The Forest of Love,Drama,2019-10-11,151.0,6.3,Japanese,2019
The Laundromat,Comedy-drama,2019-10-18,98.0,6.3,English,2019
The Legend of Cocaine Island,Documentary,2019-03-29,87.0,6.3,English,2019
The Outsider,Crime drama,2018-03-09,120.0,6.3,English/Japanese,2018
Time to Hunt,Thriller,2020-04-23,134.0,6.3,Korean,2020
To All the Boys: Always and Forever,Romantic comedy,2021-02-12,109.0,6.3,English,2021
Travis Scott: Look Mom I Can Fly,Documentary,2019-08-28,85.0,6.3,English,2019
Uncorked,Drama,2020-03-27,103.0,6.3,English,2020
Anelka: Misunderstood,Documentary,2020-08-05,94.0,6.4,French,2020
"Ariana Grande: Excuse Me, I Love You",Concert Film,2020-12-21,97.0,6.4,English,2020
ARQ,Science fiction/Thriller,2016-09-16,88.0,6.4,English,2016
Birders,Documentary,2019-09-25,37.0,6.4,English/Spanish,2019
Como Caído del Cielo,Musical comedy,2019-12-24,112.0,6.4,Spanish,2019
First Match,Sports-drama,2018-03-30,102.0,6.4,English,2018
Fractured,Thriller,2019-10-11,100.0,6.4,English,2019
Irreplaceable You,Drama,2018-02-16,96.0,6.4,English,2018
Isi & Ossi,Romantic comedy,2020-02-14,113.0,6.4,German,2020
John Was Trying to Contact Aliens,Documentary,2020-08-20,16.0,6.4,English,2020
Layla Majnun,Romantic drama,2021-02-11,119.0,6.4,Indonesian,2021
Murder to Mercy: The Cyntoia Brown Story,Documentary,2020-04-29,97.0,6.4,English,2020
My Own Man,Documentary,2014-12-13,81.0,6.4,English,2014
Nappily Ever After,Comedy-drama,2018-09-21,98.0,6.4,English,2018
Over the Moon,Animation/Musical/Adventure,2020-10-23,95.0,6.4,English,2020
Street Flow,Drama,2019-10-12,96.0,6.4,French,2019
Strong Island,Documentary,2017-09-15,107.0,6.4,English,2017
Sturgill Simpson Presents: Sound & Fury,Animation / Musicial,2019-09-27,41.0,6.4,English,2019
Take Your Pills,Documentary,2018-03-16,87.0,6.4,English,2018
The Heartbreak Club,Comedy-drama,2021-01-14,101.0,6.4,Indonesian,2021
The Mars Generation,Documentary,2017-05-05,97.0,6.4,English,2017
The Occupant,Thriller,2020-03-25,103.0,6.4,Spanish,2020
The Willoughbys,Animation/Comedy/Adventure,2020-04-22,90.0,6.4,English,2020
Triple Frontier,Action-thriller,2019-03-13,125.0,6.4,English,2019
Two Catalonias,Documentary,2018-09-28,116.0,6.4,Spanish/Catalan,2018
Walk. Ride. Rodeo.,Drama,2019-03-08,99.0,6.4,English,2019
Wheelman,Action thriller,2017-10-20,82.0,6.4,English,2017
When We First Met,Romantic comedy,2018-02-09,97.0,6.4,English,2018
A 3 Minute Hug,Documentary,2019-10-28,28.0,6.5,English/Spanish,2019
All the Bright Places,Romance,2020-02-28,108.0,6.5,English,2020
All Together Now,Drama,2020-08-28,93.0,6.5,English,2020
Altered Carbon: Resleeved,Anime/Science fiction,2020-03-19,74.0,6.5,Japanese,2020
Antoine Griezmann: The Making of a Legend,Documentary,2019-03-21,60.0,6.5,French,2019
Canvas ,Animation / Short,2020-12-11,9.0,6.5,English,2020
Chadwick Boseman: Portrait of an Artist,Documentary,2021-04-17,21.0,6.5,English,2021
Chopsticks,Comedy,2019-05-31,100.0,6.5,Hindi,2019
Da 5 Bloods,War drama,2020-06-12,155.0,6.5,English,2020
Dolly Parton: A MusiCares Tribute,Documentary,2021-04-07,55.0,6.5,English,2021
Eurovision Song Contest: The Story of Fire Saga,Musical comedy,2020-06-26,123.0,6.5,English,2020
Gerald's Game,Horror thriller,2017-09-29,103.0,6.5,English,2017
His House,Thriller,2020-10-30,93.0,6.5,English,2020
Jingle Jangle: A Christmas Journey,Family/Christmas musical,2020-11-13,119.0,6.5,English,2020
Life Overtakes Me,Documentary,2019-06-14,40.0,6.5,English/Swedish,2019
Lust Stories,Drama,2018-06-15,120.0,6.5,Hindi,2018
Monster,Drama,2021-05-07,98.0,6.5,English,2021
Mowgli: Legend of the Jungle,Adventure,2018-12-07,104.0,6.5,English,2018
Nobody Knows I'm Here,Drama,2020-06-24,91.0,6.5,Spanish,2020
Nobody Speak: Trials of the Free Press,Documentary,2017-06-23,95.0,6.5,English,2017
Oxygen,Science fiction thriller,2021-05-12,101.0,6.5,French,2021
Set It Up,Romantic comedy,2018-06-15,105.0,6.5,English,2018
The Incredible Jessica James,Comedy,2017-07-28,83.0,6.5,English,2017
Tigertail,Drama,2020-04-10,91.0,6.5,English/Taiwanese/Mandarin,2020
Tramps,Romance,2017-04-21,83.0,6.5,English,2017
What Did Jack Do?,Drama / Short,2020-01-20,17.0,6.5,English,2020
Bad Trip,Hidden-camera prank comedy,2021-03-26,86.0,6.6,English,2021
Bird Box,Psychological thriller,2018-12-21,124.0,6.6,English,2018
Bulbbul,Horror,2020-06-24,94.0,6.6,Hindi,2020
Crazy About Her,Romantic comedy,2021-02-26,102.0,6.6,Spanish,2021
Elisa & Marcela,Romance,2019-06-07,118.0,6.6,Spanish,2019
I'll Sleep When I'm Dead,Documentary,2016-08-19,79.0,6.6,English,2016
I'm Thinking of Ending Things,Psychological thriller,2020-09-04,134.0,6.6,English,2020
It Takes a Lunatic,Documentary,2019-10-25,126.0,6.6,English,2019
Milestone,Drama,2021-05-07,98.0,6.6,Hindi,2021
Recovery Boys,Documentary,2018-06-29,89.0,6.6,English,2018
ReMastered: Who Killed Jam Master Jay?,Documentary,2018-12-07,58.0,6.6,English,2018
Shawn Mendes: In Wonder,Documentary,2020-11-23,83.0,6.6,English,2020
Space Sweepers,Science fiction,2021-02-05,136.0,6.6,Korean,2021
The American Meme,Documentary,2018-12-07,98.0,6.6,English,2018
The Angel,Spy thriller,2018-09-14,114.0,6.6,English,2018
The Crimes That Bind,Crime drama,2020-08-20,99.0,6.6,Spanish,2020
The Red Sea Diving Resort,Spy thriller,2019-07-31,130.0,6.6,English,2019
What Would Sophia Loren Do?,Documentary,2021-01-15,32.0,6.6,English,2021
A Whisker Away,Anime/Fantasy,2020-06-18,104.0,6.7,Japanese,2020
Ajeeb Daastaans,Drama,2021-04-16,142.0,6.7,Hindi,2021
Arlo the Alligator Boy,Animated musical comedy,2021-04-16,92.0,6.7,English,2021
"Bikram: Yogi, Guru, Predator",Documentary,2019-11-20,86.0,6.7,English,2019
Blame!,Anime/Science fiction,2017-05-20,106.0,6.7,Japanese,2017
Blue Miracle,Drama,2021-05-27,95.0,6.7,English,2021
CounterPunch ,Documentary,2017-06-16,91.0,6.7,English,2017
"Crack: Cocaine, Corruption & Conspiracy",Documentary,2021-01-11,89.0,6.7,English,2021
Extraction,Action,2020-04-24,117.0,6.7,English,2020
Giving Voice,Documentary,2020-12-11,90.0,6.7,English,2020
Hillbilly Elegy,Drama,2020-11-24,117.0,6.7,English,2020
Hope Frozen: A Quest to Live Twice,Documentary,2020-09-15,80.0,6.7,Thia/English,2020
Imperial Dreams,Drama,2017-02-03,87.0,6.7,English,2017
Just Another Christmas,Comedy,2020-12-03,101.0,6.7,Portuguese,2020
Little Miss Sumo,Documentary,2019-10-28,19.0,6.7,Japanese,2019
Malcolm & Marie,Romantic drama,2021-02-05,106.0,6.7,English,2021
"Michael Bolton's Big, Sexy, Valentine's Day Special",Variety Show,2017-02-07,54.0,6.7,English,2017
Moxie,Drama,2021-03-03,111.0,6.7,English,2021
Night in Paradise,Drama,2021-04-09,132.0,6.7,Korean,2021
Paper Lives,Drama,2021-03-12,97.0,6.7,Turkish,2021
Parchis: The Documentary,Documentary,2019-07-10,106.0,6.7,Spanish,2019
Tallulah,Comedy-drama,2016-07-29,111.0,6.7,English,2016
The Old Guard,Superhero/Action,2020-07-10,124.0,6.7,English,2020
Tony Robbins: I Am Not Your Guru,Documentary,2016-07-15,116.0,6.7,English,2016
Upstarts,Drama,2019-10-18,112.0,6.7,Hindi,2019
22-Jul,Drama,2018-10-10,144.0,6.8,English,2018
7 años,Drama,2016-10-28,76.0,6.8,Spanish,2016
A Futile and Stupid Gesture,Biographical/Comedy,2018-01-26,101.0,6.8,English,2018
A Life of Speed: The Juan Manuel Fangio Story,Documentary,2020-03-20,92.0,6.8,Spanish,2020
A Love Song for Latasha,Documentary,2020-09-21,19.0,6.8,English,2020
All in My Family,Documentary,2019-05-03,39.0,6.8,English/Mandarin,2019
Always Be My Maybe,Romantic comedy,2019-05-31,102.0,6.8,English,2019
Becoming,Documentary,2020-05-06,89.0,6.8,English,2020
Long Live Brij Mohan,Comedy,2018-08-03,105.0,6.8,Hindi,2018
Calibre,Thriller,2018-06-29,101.0,6.8,English,2018
Death to 2020,Comedy,2020-12-27,70.0,6.8,English,2020
GIMS: On the Record,Documentary,2020-09-17,96.0,6.8,French,2020
Have a Good Trip: Adventures in Psychedelics,Documentary,2020-05-11,85.0,6.8,English,2020
Heroin(e) ,Documentary,2017-09-12,39.0,6.8,English,2017
Mercury 13,Documentary,2018-04-20,79.0,6.8,English,2018
Saving Capitalism,Documentary,2017-11-21,73.0,6.8,English,2017
Serious Men,Drama,2020-10-02,114.0,6.8,Hindi,2020
The Boys in the Band,Drama,2020-09-30,121.0,6.8,English,2020
The Boys in the Band: Something Personal,Aftershow / Interview,2020-09-30,28.0,6.8,English,2020
The Life Ahead,Drama,2020-11-13,95.0,6.8,Italian,2020
The Other Side of the Wind,Drama,2018-11-02,122.0,6.8,English,2018
The Trader,Documentary,2018-02-09,23.0,6.8,Georgian,2018
To the Bone,Drama,2017-07-14,107.0,6.8,English,2017
Tony Parker: The Final Shot,Documentary,2021-01-06,98.0,6.8,French,2021
AK vs AK,Thriller,2020-12-24,108.0,6.9,Hindi,2020
Amanda Knox,Documentary,2016-09-30,92.0,6.9,English,2016
Bigflo & Oil: Hip Hop Frenzy,Documentary,2020-10-08,100.0,6.9,French,2020
Biggie: I Got a Story to Tell,Documentary,2021-03-01,97.0,6.9,English,2021
Cops and Robbers,Animation / Short,2020-12-28,7.0,6.9,English,2020
I Don't Feel at Home in This World Anymore,Drama,2017-02-24,96.0,6.9,English,2017
Laerte-se,Documentary,2017-05-19,100.0,6.9,Portuguese,2017
Mank,Biopic,2020-12-04,132.0,6.9,English,2020
Our Souls at Night,Romance,2017-09-29,103.0,6.9,English,2017
Outlaw King,Historical-epic,2018-11-09,121.0,6.9,English,2018
Pagglait,Comedy-drama,2021-03-26,114.0,6.9,Hindi,2021
ReMastered: Who Shot the Sheriff?,Documentary,2018-10-12,57.0,6.9,English,2018
Seeing Allred,Documentary,2018-02-09,95.0,6.9,English,2018
Spelling the Dream,Documentary,2020-06-03,83.0,6.9,English,2020
The Claudia Kishi Club,Documentary,2020-07-10,17.0,6.9,English,2020
The Half of It,Romance,2020-05-01,105.0,6.9,English,2020
The Highwaymen,Crime drama,2019-03-29,131.0,6.9,English,2019
The Lonely Island Presents: The Unauthorized Bash Brothers Experience,Comedy / Musical,2019-05-23,30.0,6.9,English,2019
The Meyerowitz Stories (New and Selected),Comedy-drama,2017-10-13,112.0,6.9,English,2017
Feminists: What Were They Thinking?,Documentary,2018-10-12,86.0,7.0,English,2018
Gaga: Five Foot Two,Documentary,2017-09-22,100.0,7.0,English,2017
I'm No Longer Here: A Discussion with Guillermo del Toro and Alfonso Cuaron,Aftershow / Interview,2020-11-03,14.0,7.0,English,2020
Kingdom of Us,Documentary,2017-10-13,109.0,7.0,English,2017
"Lorena, Light-Footed Woman",Documentary,2019-11-20,28.0,7.0,Spanish,2019
Los Tigres del Norte at Folsom Prison,Documentary,2019-09-15,64.0,7.0,Spanish,2019
Ma Rainey's Black Bottom,Drama,2020-12-18,94.0,7.0,English,2020
Ma Rainey's Black Bottom: A Legacy Brought to Screen,Aftershow / Interview,2020-12-18,31.0,7.0,English,2020
Operation Varsity Blues: The College Admissions Scandal,Documentary,2021-03-17,99.0,7.0,English,2021
Pele,Documentary,2021-02-23,108.0,7.0,English,2021
ReMastered: Devil at the Crossroads,Documentary,2019-04-26,48.0,7.0,English,2019
ReMastered: The Lion's Share,Documentary,2019-05-17,84.0,7.0,English,2019
ReMastered: The Miami Showband Massacre,Documentary,2019-03-22,70.0,7.0,English,2019
Resurface,Documentary,2017-09-01,27.0,7.0,English,2017
Rocko's Modern Life: Static Cling,Animation / Comedy,2019-08-09,45.0,7.0,English,2019
Rose Island,Comedy,2020-12-09,117.0,7.0,Italian,2020
The Christmas Chronicles,Christmas/Fantasy/Adventure/Comedy,2018-11-22,104.0,7.0,English,2018
The Dirt,Biopic,2019-03-22,108.0,7.0,English,2019
The Night Comes for Us,Action-thriller,2018-10-19,121.0,7.0,Indonesian,2018
13th: A Conversation with Oprah Winfrey & Ava DuVernay,Aftershow / Interview,2017-01-26,36.0,7.1,English,2017
Angela's Christmas,Animation,2018-11-30,30.0,7.1,English,2018
Angela's Christmas Wish,Animation,2020-12-01,47.0,7.1,English,2020
Beats,Drama,2019-06-19,110.0,7.1,English,2019
Circus of Books,Documentary,2020-04-22,92.0,7.1,English,2020
Dance Dreams: Hot Chocolate Nutcracker,Documentary,2020-11-27,80.0,7.1,English,2020
Derren Brown: Sacrifice,Mentalism special,2018-10-19,49.0,7.1,English,2018
El Pepe: A Supreme Life,Documentary,2019-12-27,73.0,7.1,Spanish,2019
End Game,Documentary,2018-05-04,40.0,7.1,English,2018
Evelyn,Documentary,2019-09-10,96.0,7.1,English,2019
Ferry,Crime drama,2021-05-14,106.0,7.1,Dutch,2021
Grass Is Greener,Documentary,2019-04-20,97.0,7.1,English,2019
Guillermo Vilas: Settling the Score,Documentary,2020-10-27,94.0,7.1,Spanish,2020
Joshua: Teenager vs. Superpower,Documentary,2017-05-26,78.0,7.1,English,2017
Keith Richards: Under the Influence,Documentary,2015-09-18,81.0,7.1,English,2015
Knock Down the House,Documentary,2019-05-01,87.0,7.1,English,2019
Loudon Wainwright III: Surviving Twin,One-man show,2018-11-13,91.0,7.1,English,2018
My Beautiful Broken Brain,Documentary,2016-03-18,91.0,7.1,English,2016
One of Us,Documentary,2017-10-20,95.0,7.1,English,2017
Pieces of a Woman,Drama,2021-01-07,126.0,7.1,English,2021
"Ram Dass, Going Home",Documentary,2018-04-06,31.0,7.1,English,2018
ReMastered: Tricky Dick & the Man in Black,Documentary,2018-11-02,58.0,7.1,English,2018
Rooting for Roona,Documentary,2020-10-15,41.0,7.1,Bengali,2020
The Devil All the Time,Psychological thriller,2020-09-16,138.0,7.1,English,2020
The Dig,Drama,2021-01-29,112.0,7.1,English,2021
The Great Hack,Documentary,2019-07-24,114.0,7.1,English,2019
The White Tiger,Drama,2021-01-22,125.0,7.1,English,2021
To All the Boys I've Loved Before,Romantic comedy,2018-08-17,99.0,7.1,English,2018
American Murder: The Family Next Door,Documentary,2020-09-30,82.0,7.2,English,2020
Audrie & Daisy,Documentary,2016-09-23,98.0,7.2,English,2016
First They Killed My Father,Drama,2017-09-15,136.0,7.2,Khmer/English/French,2017
Fyre: The Greatest Party That Never Happened,Documentary,2019-01-18,97.0,7.2,English,2019
Into the Inferno,Documentary,2016-10-28,107.0,7.2,English,2016
LA Originals,Documentary,2020-04-10,92.0,7.2,English,2020
Ladies First,Documentary,2018-03-08,39.0,7.2,English/Hindi,2018
Love per Square Foot,Romantic comedy,2018-02-14,133.0,7.2,Hindi,2018
Paddleton,Drama-Comedy,2019-02-22,89.0,7.2,English,2019
Private Life,Drama,2018-10-05,124.0,7.2,English,2018
Seventeen,Coming-of-age comedy-drama,2019-10-18,99.0,7.2,Spanish,2019
Sometimes,Drama,2018-05-01,101.0,7.2,Tamil,2018
Soni,Crime drama,2019-01-18,97.0,7.2,Hindi,2019
The 40-Year-Old Version,Comedy,2020-10-09,124.0,7.2,English,2020
The Disciple,Drama,2021-04-30,129.0,7.2,Marathi,2021
The Edge of Democracy,Documentary,2019-06-19,121.0,7.2,Portuguese,2019
The King,Historical drama,2019-11-01,140.0,7.2,English,2019
The Road to El Camino: A Breaking Bad Movie,Making-of,2019-10-29,13.0,7.2,English,2019
The Siege of Jadotville,War,2016-10-07,108.0,7.2,English,2016
Zion ,Documentary,2018-08-10,11.0,7.2,English,2018
Dolemite Is My Name,Biopic,2019-10-25,118.0,7.3,English,2019
El Camino: A Breaking Bad Movie,Crime drama,2019-10-11,121.0,7.3,English,2019
Extremis,Documentary,2016-09-13,24.0,7.3,English,2016
Father Soldier Son,Documentary,2020-07-17,100.0,7.3,English,2020
Get Me Roger Stone,Documentary,2017-05-12,101.0,7.3,English,2017
I'm No Longer Here,Drama,2020-05-27,105.0,7.3,Spanish,2020
Mucho Mucho Amor: The Legend of Walter Mercado ,Documentary,2020-07-08,96.0,7.3,Spanish/English,2020
Octonauts & the Great Barrier Reef,Animation,2020-10-13,47.0,7.3,English,2020
Okja,Action-adventure,2017-06-28,121.0,7.3,English/Korean,2017
On My Skin,Crime drama,2018-09-12,100.0,7.3,Italian,2018
Raat Akeli Hai,Thriller,2020-07-31,149.0,7.3,Hindi,2020
ReMastered: Massacre at the Stadium,Documentary,2019-01-11,64.0,7.3,English/Spanish,2019
ReMastered: The Two Killings of Sam Cooke,Documentary,2019-02-08,64.0,7.3,English,2019
Secrets of the Saqqara Tomb,Documentary,2020-10-28,114.0,7.3,English/Arabic,2020
Sitara: Let Girls Dream,Animation / Short,2020-03-08,15.0,7.3,English,2020
Sky Ladder: The Art of Cai Guo-Qiang,Documentary,2016-10-14,79.0,7.3,English/Mandarin,2016
Team Foxcatcher,Documentary,2016-04-29,90.0,7.3,English/Russian,2016
The Ballad of Buster Scruggs,Western,2018-11-16,132.0,7.3,English,2018
The Death and Life of Marsha P. Johnson,Documentary,2017-10-06,105.0,7.3,English,2017
The Fundamentals of Caring,Comedy-drama,2016-06-24,97.0,7.3,English,2016
The Other One: The Long Strange Trip of Bob Weir,Documentary,2015-05-22,83.0,7.3,English,2015
American Factory,Documentary,2019-08-21,110.0,7.4,English,2019
Fire in Paradise,Documentary,2019-11-01,39.0,7.4,English,2019
Long Shot,Documentary,2017-09-29,40.0,7.4,English,2017
Miss Americana,Documentary,2020-01-31,85.0,7.4,English,2020
Period. End of Sentence.,Documentary,2019-02-12,26.0,7.4,English/Hindi,2019
Shawn Mendes: Live in Concert,Concert Film,2020-11-25,87.0,7.4,English,2020
Shirkers,Documentary,2018-10-26,97.0,7.4,English,2018
The Black Godfather,Documentary,2019-06-07,118.0,7.4,English,2019
The Irishman: In Conversation,Aftershow / Interview,2019-11-27,23.0,7.4,English,2019
The Speed Cubers,Documentary,2020-07-29,40.0,7.4,English,2020
They'll Love Me When I'm Dead,Documentary,2018-11-02,98.0,7.4,English,2018
Tig,Documentary,2015-07-17,80.0,7.4,English,2015
"Barbra: The Music, The Mem'ries, The Magic!",Concert Film,2017-11-22,108.0,7.5,English,2017
Blackpink: Light Up the Sky,Documentary,2020-10-14,79.0,7.5,Korean,2020
City of Joy,Documentary,2018-09-07,74.0,7.5,English,2018
Dick Johnson Is Dead,Documentary,2020-10-02,90.0,7.5,English,2020
Homecoming: A Film by Beyonce ,Documentary,2019-04-17,137.0,7.5,English,2019
Invader Zim: Enter the Florpus,Animation / Science Fiction,2019-08-16,71.0,7.5,English,2019
Joan Didion: The Center Will Not Hold,Documentary,2017-10-27,98.0,7.5,English,2017
John Mulaney & the Sack Lunch Bunch,Variety show,2019-12-24,70.0,7.5,English,2019
Reversing Roe,Documentary,2018-09-13,99.0,7.5,English,2018
The White Helmets,Documentary,2016-09-16,40.0,7.5,English,2016
Athlete A,Documentary,2020-06-24,104.0,7.6,English,2020
Ludo,Anthology/Dark comedy,2020-11-12,149.0,7.6,Hindi,2020
Quincy,Documentary,2018-09-21,124.0,7.6,English,2018
Rolling Thunder Revue: A bob Dylan Story by Martin Scorsere,Documentary,2019-06-12,144.0,7.6,English,2019
Tell Me Who I Am,Documentary,2019-10-18,85.0,7.6,English,2019
The Bleeding Edge,Documentary,2018-07-27,100.0,7.6,English,2018
The Social Dilemma,Documentary,2020-09-09,94.0,7.6,English,2020
The Two Popes,Drama,2019-12-20,125.0,7.6,English,2019
"What Happened, Miss Simone?",Documentary,2015-06-26,84.0,7.6,English,2015
Yeh Ballet,Drama,2020-02-21,117.0,7.6,Hindi,2020
Anima,Musical / Short,2019-06-27,15.0,7.7,English,2019
Beasts of No Nation,War drama,2015-10-16,136.0,7.7,English/Akan,2015
Brene Brown: The Call to Courage,Documentary,2019-04-19,76.0,7.7,English,2019
Crip Camp: A Disability Revolution,Documentary,2020-03-25,108.0,7.7,English,2020
"Jim & Andy: The Great Beyond - Featuring a Very Special, Contractually Obligated Mention of Tony Cliffton ",Documentary,2017-11-17,94.0,7.7,English,2017
Justin Timberlake + The Tennessee Kids,Concert Film,2016-10-12,90.0,7.7,English,2016
Road to Roma,Making-of,2020-02-11,72.0,7.7,Spanish,2020
Roma,Drama,2018-12-14,135.0,7.7,Spanish,2018
If Anything Happens I Love You,Animation / Short,2020-11-20,12.0,7.8,English,2020
The Irishman,Crime drama,2019-11-27,209.0,7.8,English,2019
The Trial of the Chicago 7,Drama,2020-10-16,130.0,7.8,English,2020
A Secret Love,Documentary,2020-04-29,82.0,7.9,English,2020
Icarus,Documentary,2017-08-04,120.0,7.9,English,2017
Marriage Story,Drama,2019-12-06,136.0,7.9,English,2019
The Ivory Game,Documentary,2016-11-04,112.0,7.9,English,2016
Struggle: The Life and Lost Art of Szukaiski,Documentary,2018-12-21,105.0,8.0,English,2018
Chasing Coral ,Documentary,2017-07-14,89.0,8.1,English,2017
My Octopus Teacher,Documentary,2020-09-07,85.0,8.1,English,2020
Rising Phoenix,Documentary,2020-08-26,106.0,8.1,English,2020
13th,Documentary,2016-10-07,100.0,8.2,English,2016
Disclosure: Trans Lives on Screen,Documentary,2020-06-19,107.0,8.2,English,2020
Klaus,Animation/Christmas/Comedy/Adventure,2019-11-15,97.0,8.2,English,2019
Seaspiracy,Documentary,2021-03-24,89.0,8.2,English,2021
The Three Deaths of Marisela Escobedo,Documentary,2020-10-14,109.0,8.2,Spanish,2020
Cuba and the Cameraman ,Documentary,2017-11-24,114.0,8.3,English,2017
Dancing with the Birds,Documentary,2019-10-23,51.0,8.3,English,2019
Ben Platt: Live from Radio City Music Hall,Concert Film,2020-05-20,85.0,8.4,English,2020
Taylor Swift: Reputation Stadium Tour,Concert Film,2018-12-31,125.0,8.4,English,2018
Winter on Fire: Ukraine's Fight for Freedom,Documentary,2015-10-09,91.0,8.4,English/Ukranian/Russian,2015
Springsteen on Broadway,One-man show,2018-12-16,153.0,8.5,English,2018
Emicida: AmarElo - It's All For Yesterday,Documentary,2020-12-08,89.0,8.6,Portuguese,2020
David Attenborough: A Life on Our Planet,Documentary,2020-10-04,83.0,9.0,English,2020
